{"cameraMode":{"drawMode":0,"name":"Shaded","section":"Shading Mode"},"sceneLighting":false,"audioPlay":false,"sceneViewState":{"showFog":true,"showMaterialUpdate":false,"showSkybox":true,"showFlares":true,"showImageEffects":true,"showParticleSystems":true},"in2DMode":false,"pivot":{"x":-1.3259999752044678,"y":1.2005000114440919,"z":-0.2625000476837158},"rotation":{"x":0.10982465744018555,"y":-0.4102154076099396,"z":0.04983721300959587,"w":0.9039790630340576},"size":7.282063007354736,"orthographic":true}