{"cameraMode":{"drawMode":0,"name":"Shaded","section":"Shading Mode"},"sceneLighting":true,"audioPlay":false,"sceneViewState":{"showFog":true,"showMaterialUpdate":false,"showSkybox":true,"showFlares":true,"showImageEffects":true,"showParticleSystems":true},"in2DMode":false,"pivot":{"x":-1.308524489402771,"y":0.5533755421638489,"z":-7.450821876525879},"rotation":{"x":0.10982465744018555,"y":-0.4102154076099396,"z":0.04983721300959587,"w":0.9039790630340576},"size":3.579902410507202,"orthographic":true}