{"cameraMode":{"drawMode":0,"name":"Shaded","section":"Shading Mode"},"sceneLighting":true,"audioPlay":false,"sceneViewState":{"showFog":true,"showMaterialUpdate":false,"showSkybox":true,"showFlares":true,"showImageEffects":true,"showParticleSystems":true},"in2DMode":false,"pivot":{"x":-10.700601577758789,"y":8.244430541992188,"z":-3.2802507877349855},"rotation":{"x":0.033714015036821368,"y":0.10235419869422913,"z":-0.003471238538622856,"w":0.9941704869270325},"size":32.1061897277832,"orthographic":false}