{"cameraMode":{"drawMode":0,"name":"Shaded","section":"Shading Mode"},"sceneLighting":false,"audioPlay":false,"sceneViewState":{"showFog":true,"showMaterialUpdate":false,"showSkybox":true,"showFlares":true,"showImageEffects":true,"showParticleSystems":true},"in2DMode":false,"pivot":{"x":-3.798224925994873,"y":0.6864489912986755,"z":-1.4477018117904664},"rotation":{"x":0.17019541561603547,"y":0.7009419202804565,"z":-0.17822720110416413,"w":0.6693044304847717},"size":0.1183057427406311,"orthographic":false}