{"cameraMode":{"drawMode":0,"name":"Shaded","section":"Shading Mode"},"sceneLighting":false,"audioPlay":false,"sceneViewState":{"showFog":true,"showMaterialUpdate":false,"showSkybox":true,"showFlares":true,"showImageEffects":true,"showParticleSystems":true},"in2DMode":false,"pivot":{"x":0.16255521774291993,"y":2.521764039993286,"z":-1.2922358512878419},"rotation":{"x":-0.03208642825484276,"y":0.9383195638656616,"z":-0.09064969420433045,"w":-0.3321286141872406},"size":10.0,"orthographic":false}