{"cameraMode":{"drawMode":0,"name":"Shaded","section":"Shading Mode"},"sceneLighting":false,"audioPlay":false,"sceneViewState":{"showFog":true,"showMaterialUpdate":false,"showSkybox":true,"showFlares":true,"showImageEffects":true,"showParticleSystems":true},"in2DMode":false,"pivot":{"x":-129.66770935058595,"y":88.69488525390625,"z":149.89382934570313},"rotation":{"x":0.04407613351941109,"y":0.7822767496109009,"z":0.05571421608328819,"w":-0.618867039680481},"size":-13383.8056640625,"orthographic":false}