{"cameraMode":{"drawMode":0,"name":"Shaded","section":"Shading Mode"},"sceneLighting":false,"audioPlay":false,"sceneViewState":{"showFog":true,"showMaterialUpdate":false,"showSkybox":true,"showFlares":true,"showImageEffects":true,"showParticleSystems":true},"in2DMode":false,"pivot":{"x":-0.1006617546081543,"y":0.7754144668579102,"z":-7.728255271911621},"rotation":{"x":-0.7472394108772278,"y":3.2548763684303596e-10,"z":3.9673726109912269e-11,"w":-0.664555013179779},"size":5.055950164794922,"orthographic":false}